verb,prep,case,trans,sentence
denken,an,Akkusativ,to think of,"Ich denke oft an meinen letzten Urlaub."
sich erinnern,an,Akkusativ,to remember,"Erinnert ihr euch an den Namen des Lehrers?"
sich gewöhnen,an,Akkusativ,to get used to,"Ich habe mich an das deutsche Wetter gewöhnt."
glauben,an,Akkusativ,to believe in,"Glaubst du an Wunder?"
sich halten,an,Akkusativ,to stick to (rules),"Bitte halten Sie sich an die Regeln."
sich wenden,an,Akkusativ,to turn to (someone for help),"Bei Fragen wenden Sie sich bitte an den Support."
arbeiten,an,Dativ,to work on,"Wir arbeiten an einer Lösung für das Problem."
erkennen,an,Dativ,to recognize by,"Ich habe ihn an seiner Stimme erkannt."
leiden,an,Dativ,to suffer from (disease),"Er leidet an einer schweren Grippe."
teilnehmen,an,Dativ,to participate in,"Haben Sie an der Besprechung teilgenommen?"
zweifeln,an,Dativ,to doubt,"Ich zweifle nicht an deiner Ehrlichkeit."
mangeln,an,Dativ,to lack,"Es mangelt uns an qualifizierten Mitarbeitern."
achten,auf,Akkusativ,to pay attention to,"Achten Sie bitte auf die Stufen!"
antworten,auf,Akkusativ,to answer,"Er hat nicht auf meine E-Mail geantwortet."
aufpassen,auf,Akkusativ,to look after/watch,"Kannst du kurz auf meine Tasche aufpassen?"
sich beziehen,auf,Akkusativ,to refer to,"Ich beziehe mich auf Ihr Schreiben vom 12. Mai."
sich freuen (Zukunft),auf,Akkusativ,to look forward to,"Wir freuen uns auf die Zusammenarbeit."
hoffen,auf,Akkusativ,to hope for,"Die Bauern hoffen auf Regen."
ankommen,auf,Akkusativ,to depend on (variable),"Es kommt auf das Wetter an, ob wir grillen."
sich konzentrieren,auf,Akkusativ,to concentrate on,"Seid leise, ich muss mich auf den Text konzentrieren."
reagieren,auf,Akkusativ,to react to,"Wie hat er auf die Nachricht reagiert?"
schimpfen,auf,Akkusativ,to rant about/scold,"Alle schimpfen auf die hohen Benzinpreise."
sich verlassen,auf,Akkusativ,to rely on,"Auf meine Freunde kann ich mich immer verlassen."
sich vorbereiten,auf,Akkusativ,to prepare for,"Hast du dich gut auf die Prüfung vorbereitet?"
warten,auf,Akkusativ,to wait for,"Ich warte auf den Bus."
verzichten,auf,Akkusativ,to do without,"Ich kann nicht auf Schokolade verzichten."
bestehen,aus,Dativ,to consist of,"Der Kurs besteht aus zwei Teilen."
schließen,aus,Dativ,to conclude from,"Was schließen Sie aus diesem Verhalten?"
danken,für,Akkusativ,to thank for,"Ich danke Ihnen für Ihre schnelle Antwort."
sich entscheiden,für,Akkusativ,to decide in favor of,"Er hat sich für das billigere Auto entschieden."
sich entschuldigen,für,Akkusativ,to apologize for,"Ich möchte mich für die Verspätung entschuldigen."
halten,für,Akkusativ,to consider as,"Ich halte das für eine gute Idee."
sich interessieren,für,Akkusativ,to be interested in,"Interessierst du dich für Geschichte?"
kämpfen,für,Akkusativ,to fight for,"Die Arbeiter kämpfen für höhere Löhne."
sorgen,für,Akkusativ,to ensure/take care of,"Die Musik sorgte für gute Stimmung."
protestieren,gegen,Akkusativ,to protest against,"Viele Menschen protestieren gegen das Gesetz."
sich wehren,gegen,Akkusativ,to defend oneself against,"Du musst dich gegen diese Kritik wehren."
verstoßen,gegen,Akkusativ,to violate (law),"Das verstößt gegen die Regeln."
geraten,in,Akkusativ,to get into (trouble/situation),"Er ist in Schwierigkeiten geraten."
sich verlieben,in,Akkusativ,to fall in love with,"Sie hat sich in ihren Nachbarn verliebt."
anfangen,mit,Dativ,to start with,"Wann fangen wir mit dem Essen an?"
aufhören,mit,Dativ,to stop doing something,"Hör bitte mit dem Lärm auf!"
sich befassen,mit,Dativ,to deal with (topic),"Wir müssen uns mit diesem Thema befassen."
sich beschäftigen,mit,Dativ,to keep busy with,"Er beschäftigt sich viel mit seinen Pflanzen."
rechnen,mit,Dativ,to expect/count on,"Wir rechnen morgen mit Schnee."
sprechen (Partner),mit,Dativ,to speak with,"Kann ich kurz mit dir sprechen?"
streiten,mit,Dativ,to argue with,"Ich möchte nicht mit dir streiten."
telefonieren,mit,Dativ,to talk on the phone with,"Sie telefoniert gerade mit ihrer Mutter."
umgehen,mit,Dativ,to handle/deal with,"Er kann gut mit Stress umgehen."
verbinden,mit,Dativ,to connect with,"Können Sie mich mit Herrn Müller verbinden?"
vergleichen,mit,Dativ,to compare with,"Man kann Äpfel nicht mit Birnen vergleichen."
zusammenhängen,mit,Dativ,to be related to,"Das Problem hängt mit der Software zusammen."
zufrieden sein,mit,Dativ,to be satisfied with,"Bist du mit deinem Gehalt zufrieden?"
fragen,nach,Dativ,to ask about,"Ein Tourist fragte nach dem Weg."
sich erkundigen,nach,Dativ,to inquire about,"Ich möchte mich nach den Preisen erkundigen."
riechen,nach,Dativ,to smell of,"Hier riecht es nach frischem Kaffee."
schmecken,nach,Dativ,to taste like,"Das Eis schmeckt nach Erdbeeren."
suchen,nach,Dativ,to search for,"Wir suchen nach einer Lösung."
sich ärgern,über,Akkusativ,to get annoyed about,"Ärgerst du dich über den Stau?"
sich aufregen,über,Akkusativ,to get upset about,"Reg dich nicht über Kleinigkeiten auf."
berichten (Topic),über,Akkusativ,to report on,"Die Zeitung berichtet über den Unfall."
sich beschweren,über,Akkusativ,to complain about,"Der Gast beschwerte sich über das Zimmer."
diskutieren,über,Akkusativ,to discuss (topic),"Sie diskutieren über Politik."
sich freuen (Gegenwart),über,Akkusativ,to be happy about,"Ich freue mich über deinen Besuch."
sich informieren,über,Akkusativ,to get info about,"Man sollte sich vorher über die Kosten informieren."
lachen,über,Akkusativ,to laugh about,"Wir haben viel über den Witz gelacht."
nachdenken,über,Akkusativ,to think about/reflect,"Ich muss über dein Angebot nachdenken."
reden,über,Akkusativ,to talk about,"Wir reden selten über unsere Gefühle."
staunen,über,Akkusativ,to be astonished at,"Ich staune über dein Wissen."
sich wundern,über,Akkusativ,to be surprised at,"Ich wundere mich über seine Pünktlichkeit."
sich bewerben,um,Akkusativ,to apply for,"Sie bewirbt sich um ein Stipendium."
bitten,um,Akkusativ,to ask for (request),"Darf ich dich um einen Gefallen bitten?"
es geht,um,Akkusativ,it is about,"In diesem Text geht es um Umweltschutz."
sich kümmern,um,Akkusativ,to take care of,"Wer kümmert sich um den Hund?"
sich sorgen,um,Akkusativ,to worry about,"Ich sorge mich um seine Gesundheit."
abhängen,von,Dativ,to depend on,"Das hängt vom Preis ab."
sich erholen,von,Dativ,to recover from,"Er muss sich noch von der Operation erholen."
erzählen,von,Dativ,to tell about,"Erzähl mir von deiner Reise!"
halten,von,Dativ,to think of (opinion),"Was hältst du von meinem Vorschlag?"
handeln,von,Dativ,to be about (plot),"Der Film handelt von einem Musiker."
träumen,von,Dativ,to dream of,"Ich träume von einem eigenen Haus."
unterscheiden,von,Dativ,to distinguish from,"Er unterscheidet sich sehr von seinem Bruder."
überzeugen,von,Dativ,to convince of,"Ich bin von seiner Unschuld überzeugt."
wissen,von,Dativ,to know about,"Ich weiß nichts von diesem Plan."
Angst haben,vor,Dativ,to be afraid of,"Viele Menschen haben Angst vor Spinnen."
schützen,vor,Dativ,to protect from,"Die Creme schützt vor Sonnenbrand."
warnen,vor,Dativ,to warn against,"Man hat uns vor dem Sturm gewarnt."
einladen,zu,Dativ,to invite to,"Ich lade dich zu meinem Geburtstag ein."
gehören,zu,Dativ,to belong to (group),"Frankreich gehört zur EU."
gratulieren,zu,Dativ,to congratulate on,"Ich gratuliere dir zum Erfolg."
passen,zu,Dativ,to fit/suit,"Die Krawatte passt nicht zu dem Hemd."
zählen,zu,Dativ,to count among,"Er zählt zu den besten Spielern der Welt."
